{
  "train_loss": [
    4.382102151128892,
    3.3366216548030754,
    2.354407477458784,
    1.865085115276858,
    1.6426899715920806,
    1.509466237164503,
    1.4078304304461067,
    1.3227940399109168,
    1.2696089252941967,
    1.219894028619269,
    1.1777480533916413,
    1.149774872946919,
    1.118678485757647,
    1.1006055606180944,
    1.0772932386158498,
    1.063142624404984,
    1.0487259981118624,
    1.0316656753982902,
    1.022623056687933
  ],
  "train_acc": [
    0.06930900702527,
    0.3436091013945685,
    0.5949459997902905,
    0.7152144280171961,
    0.7794904057879837,
    0.8191255111670337,
    0.8486945580371186,
    0.8762713641606376,
    0.8951452238649471,
    0.9113977141658802,
    0.9246094159588969,
    0.9320541050644857,
    0.9443221138722869,
    0.9494599979029045,
    0.9558561392471427,
    0.9628814092481912,
    0.9644542308902171,
    0.9694872601446995,
    0.9711649365628604
  ],
  "val_loss": [
    3.745504081627279,
    2.380632317721466,
    1.766649745357465,
    1.530398381814896,
    1.463090469292808,
    1.3978229066786252,
    1.3832133156552626,
    1.3599704268366792,
    1.3467450880349061,
    1.330966621070281,
    1.3254848627913074,
    1.3230207611592073,
    1.308775316585194,
    1.30210104540589,
    1.3076515916033982,
    1.2910610613812856,
    1.3017730843945234,
    1.3056085015200156,
    1.3078430073205816
  ],
  "val_acc": [
    0.27412106793550095,
    0.6130055511498811,
    0.7433254031192176,
    0.8012159661644198,
    0.8075601374570447,
    0.8284430346286017,
    0.8316151202749141,
    0.830293417922284,
    0.830822098863336,
    0.8392809939201692,
    0.8445678033306899,
    0.8419243986254296,
    0.8477398889770024,
    0.8546127412106793,
    0.8493259318001586,
    0.8546127412106793,
    0.8517049960348929,
    0.8477398889770024,
    0.8527623579169971
  ],
  "stopped_epoch": 19,
  "best_val_acc": 0.8546127412106793
}