{
  "train_loss": [
    4.37785931684745,
    3.395124626479425,
    2.373020118859668,
    1.8773111340286146,
    1.652608171642476,
    1.4940068568387954,
    1.3897835640275769,
    1.3157556489647084,
    1.261176030124223,
    1.2138215155533554,
    1.178353951393009,
    1.1488635542506644,
    1.1142485674848501,
    1.093498159384188,
    1.0743346600000936,
    1.0547515747932856,
    1.037839828472825,
    1.0286997327360903,
    1.0143379836350255,
    1.0055918923867218,
    0.9907237605097308,
    0.9907818263254541,
    0.9800486008559368,
    0.9698033343816344,
    0.9636467534858243,
    0.9587886457870912,
    0.9538852934665472,
    0.9480020450326643,
    0.9437775528440931,
    0.9404528852480355,
    0.9335000385082977
  ],
  "train_acc": [
    0.06417112299465241,
    0.32788088497431056,
    0.5926391947153192,
    0.7144804445842509,
    0.7755059242948517,
    0.8200692041522492,
    0.8571877949040578,
    0.8799412813253644,
    0.8998636887910244,
    0.9155919052112824,
    0.9276502044668135,
    0.9324735241690258,
    0.946524064171123,
    0.9527104959630911,
    0.9595260564118696,
    0.9635105379050015,
    0.9655027786515675,
    0.9700115340253749,
    0.9741008702946419,
    0.9775610779070987,
    0.9799727377582049,
    0.9786096256684492,
    0.9802873020866101,
    0.983957219251337,
    0.9857397504456328,
    0.9855300408933627,
    0.9871028625353885,
    0.9888853937296844,
    0.9878368459683339,
    0.9884659746251442,
    0.9906679249239803
  ],
  "val_loss": [
    3.796286557995996,
    2.4213905749058875,
    1.755158271900443,
    1.5443299497156768,
    1.4461766137381185,
    1.4072028926512656,
    1.3658396195911706,
    1.3575456124783571,
    1.3284933350302957,
    1.318216768556115,
    1.3189393164743581,
    1.3183716926211786,
    1.308861933727345,
    1.3030844306844989,
    1.3080909991869212,
    1.2952627878612495,
    1.299577476610341,
    1.2780139342927026,
    1.281805620763065,
    1.2779703239809888,
    1.2707227789826423,
    1.2672097122190367,
    1.2718860842208781,
    1.270776228975292,
    1.2644489994764831,
    1.261791946646023,
    1.2692188364758803,
    1.264419695413642,
    1.2644305124595352,
    1.2646282302652807,
    1.2557244138284163
  ],
  "val_acc": [
    0.23367697594501718,
    0.6079830822098863,
    0.753370340999207,
    0.7872059212265398,
    0.8125826063970394,
    0.8191911181601903,
    0.8265926513349193,
    0.8313507798043881,
    0.8440391223896379,
    0.8445678033306899,
    0.8406026962727994,
    0.8416600581549035,
    0.8493259318001586,
    0.852233676975945,
    0.8485329103885805,
    0.8527623579169971,
    0.852233676975945,
    0.8567274649748876,
    0.8509119746233148,
    0.8580491673275178,
    0.8540840602696272,
    0.8556701030927835,
    0.8540840602696272,
    0.8585778482685699,
    0.8638646576790907,
    0.8654507005022469,
    0.8591065292096219,
    0.859370869680148,
    0.8559344435633095,
    0.8572561459159397,
    0.8633359767380386
  ],
  "stopped_epoch": 31,
  "best_val_acc": 0.8654507005022469
}