{
  "train_loss": [
    4.375589538799647,
    3.3510888958816656,
    2.360738248707163,
    1.8766629305189633,
    1.64561722299579,
    1.5179687700947093,
    1.4098973145329043,
    1.3306953023685093,
    1.2682991911659496,
    1.2247416906164958,
    1.17925533335047,
    1.1460590626847713,
    1.118911534073167,
    1.0983257651928584,
    1.0822025153782822,
    1.0550678690141324,
    1.0495911140653733,
    1.0300865429145192,
    1.0186039125929334,
    1.0117534472476706,
    1.0000372790331014,
    0.9844587580156446,
    0.9787074543304635,
    0.9738199212225365,
    0.9673127501528501,
    0.9586229279874656,
    0.9579946629559404,
    0.9471937549883642,
    0.9442244425403502,
    0.9411339789304229,
    0.9330843322834644,
    0.9320887218277093,
    0.9311486634504665
  ],
  "train_acc": [
    0.07434203627975254,
    0.3271469015413652,
    0.5862430533710811,
    0.7154241375694663,
    0.7709971689210443,
    0.8169235608681975,
    0.8526790395302506,
    0.8718674635629653,
    0.8994442696864842,
    0.9107685855090699,
    0.9225123204361959,
    0.9371919890951033,
    0.9426444374541261,
    0.9509279647687953,
    0.9511376743210653,
    0.9628814092481912,
    0.9633008283527315,
    0.9690678410401594,
    0.9714795008912656,
    0.974415434623047,
    0.9759882562650729,
    0.9798678829820698,
    0.9813358498479606,
    0.9815455594002307,
    0.9851106217888225,
    0.9862640243263081,
    0.9858446052217679,
    0.9883611198490091,
    0.987941700744469,
    0.9894096676103596,
    0.9897242319387648,
    0.9914019083569257,
    0.9903533605955751
  ],
  "val_loss": [
    3.77881717253437,
    2.392434382791499,
    1.7663657908459798,
    1.559793490940118,
    1.479102635232389,
    1.4039224581536984,
    1.3811131991745302,
    1.3543949651415705,
    1.3642292854397795,
    1.3402526604196738,
    1.3433929875839588,
    1.327040266284983,
    1.3386340273611137,
    1.3226846138972308,
    1.3141046649053787,
    1.327895687196018,
    1.315922140445064,
    1.3067496686102724,
    1.312283343794986,
    1.3043754617457157,
    1.3071193183451324,
    1.294606270296125,
    1.2885907863209667,
    1.2828418323907993,
    1.2805848093919976,
    1.2862252828686735,
    1.2838181547080236,
    1.283743572285513,
    1.2846421100372492,
    1.2887127229325614,
    1.2770128146790551,
    1.2895489898342916,
    1.2935729729952823
  ],
  "val_acc": [
    0.23764208300290773,
    0.6293946603224954,
    0.7446471054718478,
    0.7932857520486386,
    0.8035950303991541,
    0.8252709489822891,
    0.8292360560401798,
    0.8406026962727994,
    0.8310864393338621,
    0.8398096748612213,
    0.8440391223896379,
    0.8445678033306899,
    0.845360824742268,
    0.8458895056833201,
    0.8517049960348929,
    0.8532910388580491,
    0.8498546127412107,
    0.852498017446471,
    0.8527623579169971,
    0.8532910388580491,
    0.8554057626222574,
    0.8554057626222574,
    0.8575204863864657,
    0.859370869680148,
    0.8588421887390959,
    0.8596352101506741,
    0.8572561459159397,
    0.8620142743854085,
    0.8620142743854085,
    0.8601638910917262,
    0.8569918054454136,
    0.8575204863864657,
    0.8564631245043616
  ],
  "stopped_epoch": 33,
  "best_val_acc": 0.8620142743854085
}